Date,Clicks,Impressions,CTR,Position
2026-07-23,0,73,0%,28.3
2026-07-24,1,60,1.67%,26.2
2026-07-25,0,48,0%,31.5
2026-07-26,0,57,0%,36.5
2026-07-27,2,54,3.7%,23.2
2026-07-28,0,51,0%,26.3
2026-07-29,2,41,4.88%,12.9
2026-07-30,1,83,1.2%,33.2
2026-07-31,1,47,2.13%,27.5
2026-08-01,0,43,0%,28.7
2026-08-02,1,76,1.32%,47.7
2026-08-03,1,46,2.17%,26
2026-08-04,0,54,0%,30.5
2026-08-05,0,30,0%,23.8
2026-08-06,1,74,1.35%,28.9
2026-08-07,1,31,3.23%,24.9
2026-08-08,0,38,0%,28.6
2026-08-09,0,83,0%,48.7
2026-08-10,0,47,0%,32.2
2026-08-11,0,39,0%,30.7
2026-08-12,0,40,0%,31.3
2026-08-13,1,90,1.11%,34.8
2026-08-14,0,40,0%,29
2026-08-15,1,41,2.44%,34.2
2026-08-16,0,81,0%,46.3
2026-08-17,1,61,1.64%,35.4
2026-08-18,0,52,0%,40.4
2026-08-19,0,42,0%,35.4
2026-08-20,0,85,0%,34.2
2026-08-21,0,41,0%,30.3
2026-08-22,0,58,0%,42.5
2026-08-23,0,64,0%,40.5
2026-08-24,0,48,0%,33.2
2026-08-25,0,61,0%,30.1
2026-08-26,1,46,2.17%,31.6
2026-08-27,0,62,0%,40
2026-08-28,1,34,2.94%,35.9
2026-08-29,0,41,0%,43.7
2026-08-30,0,51,0%,46.8
2026-08-31,0,59,0%,35.5
2026-09-01,0,41,0%,38.9
2026-09-02,0,39,0%,40.6
2026-09-03,0,65,0%,37
2026-09-04,0,42,0%,35.9
2026-09-05,0,36,0%,43.5
2026-09-06,0,45,0%,43.1
2026-09-07,0,39,0%,29.7
2026-09-08,1,50,2%,29.2
2026-09-09,0,29,0%,22.3
2026-09-10,2,47,4.26%,18.7
2026-09-11,0,36,0%,29
2026-09-12,0,37,0%,19.2
2026-09-13,0,30,0%,26.6
2026-09-14,2,49,4.08%,22
2026-09-15,0,34,0%,28.3
2026-09-16,2,78,2.56%,30
2026-09-17,1,51,1.96%,31.5
2026-09-18,0,12,0%,23.4
2026-09-19,1,23,4.35%,28.5
2026-09-20,1,22,4.55%,23.1
2026-09-21,0,25,0%,26.6
2026-09-22,3,32,9.38%,23.6
2026-09-23,1,40,2.5%,36.1
2026-09-24,0,36,0%,27.8
2026-09-25,1,15,6.67%,12.7