Country,Clicks,Impressions,CTR,Position
United States,27,2627,1.03%,31.23
Canada,1,12,8.33%,21.83
Mexico,1,10,10%,47.7
Pakistan,1,9,11.11%,18.89
Colombia,1,2,50%,13
Singapore,0,81,0%,44.74
India,0,54,0%,45.83
Ukraine,0,45,0%,27.22
Italy,0,33,0%,82.06
United Kingdom,0,26,0%,63.08
Philippines,0,24,0%,54.12
Vietnam,0,23,0%,47.3
Poland,0,20,0%,41.55
Brazil,0,16,0%,26.19
Germany,0,12,0%,26.08
France,0,12,0%,39
Indonesia,0,12,0%,44.5
Russia,0,9,0%,23.56
Thailand,0,8,0%,47.88
Saudi Arabia,0,6,0%,38.33
Bangladesh,0,6,0%,51.83
Malaysia,0,6,0%,59.5
Australia,0,5,0%,5.2
Netherlands,0,5,0%,11.8
Morocco,0,5,0%,34.4
Turkey,0,5,0%,46
Costa Rica,0,4,0%,28.25
Spain,0,4,0%,31
South Korea,0,4,0%,31.5
Algeria,0,4,0%,58.25
Romania,0,3,0%,19.33
United Arab Emirates,0,3,0%,19.67
Japan,0,3,0%,26.67
Lithuania,0,3,0%,41.33
Oman,0,2,0%,4.5
Chad,0,2,0%,8.5
Greece,0,2,0%,9
Nigeria,0,2,0%,37
Argentina,0,1,0%,1
Sweden,0,1,0%,1
Zambia,0,1,0%,1
Kenya,0,1,0%,5
Norway,0,1,0%,8
Hong Kong,0,1,0%,9
Iceland,0,1,0%,10
Bahrain,0,1,0%,11
Denmark,0,1,0%,11
Guatemala,0,1,0%,13
Iraq,0,1,0%,24
Belgium,0,1,0%,25
China,0,1,0%,27
Jordan,0,1,0%,28
Turkmenistan,0,1,0%,28
Iran,0,1,0%,58