Top pages,Clicks,Impressions,CTR,Position
https://www.neurocarelg.com/,26,2519,1.03%,31.1
https://www.neurocarelg.com/mission,3,88,3.41%,7.78
https://www.neurocarelg.com/sanexas,2,146,1.37%,40.01
https://www.neurocarelg.com/pemf,0,223,0%,46.27
https://www.neurocarelg.com/pulse-wave,0,117,0%,44.36
https://www.neurocarelg.com/regen,0,40,0%,14.4
https://www.neurocarelg.com/laser,0,21,0%,30.05
https://www.neurocarelg.com/technology,0,20,0%,18.6
https://www.neurocarelg.com/hips,0,18,0%,4.22
https://www.neurocarelg.com/prp,0,17,0%,16.18
https://www.neurocarelg.com/knees,0,16,0%,3.88
https://www.neurocarelg.com/shoulders,0,13,0%,3.69
https://www.neurocarelg.com/contact,0,13,0%,80.08
https://www.neurocarelg.com/orthopedics,0,11,0%,2.82
https://www.neurocarelg.com/general-7,0,11,0%,18.64
https://www.neurocarelg.com/peripheral-neuropathy,0,8,0%,2.62
https://www.neurocarelg.com/projects-8,0,8,0%,19
https://www.neurocarelg.com/patient-paperwork,0,5,0%,26.6
https://www.neurocarelg.com/longevity-project,0,4,0%,10
https://www.neurocarelg.com/copy-of-longevity-project,0,3,0%,10.67
https://www.neurocarelg.com/estrogen-replacement,0,1,0%,16
https://www.neurocarelg.com/event-details-registration/neuropathy-complex-conditions-workshop-2,0,1,0%,20