Top queries,Clicks,Impressions,CTR,Position
neurointegrative care of los gatos,2,9,22.22%,1.11
regenerative medicine los gatos,0,259,0%,8.01
stem cell therapy los gatos,0,94,0%,12.63
stem cells los gatos,0,87,0%,9.78
pemf autism,0,78,0%,47.03
iv therapy los gatos,0,71,0%,52.1
ozone therapy los gatos,0,69,0%,19.91
ozone injection therapy los gatos,0,62,0%,20.39
prolozone therapy los gatos,0,58,0%,22.53
exosome treatment los gatos,0,55,0%,16.89
advanced integrative medicine los gatos,0,55,0%,19.33
pemf,0,52,0%,29.46
peptides los gatos,0,49,0%,22.71
peptide therapy los gatos,0,48,0%,27.44
peptide injections los gatos,0,43,0%,25.02
prp los gatos,0,43,0%,41.86
semaglutide los gatos,0,40,0%,29.57
stem cell therapy bay area,0,40,0%,72.9
neograft los gatos,0,38,0%,18.63
regenerative medicine los altos,0,33,0%,65.03
regenerative medicine bay area,0,33,0%,85.91
regenerative medicine near me,0,32,0%,10.69
sanexas near me,0,32,0%,70.97
stem cells near me,0,31,0%,11.74
pulsewave,0,31,0%,37.23
pulse wave,0,31,0%,57.84
penf,0,31,0%,85.52
prolozone injection therapy los gatos,0,26,0%,20.73
knee injection los gatos,0,26,0%,26.58
herniated disc treatment in los gatos,0,26,0%,45.23
hyaluronic acid joint injection los gatos,0,22,0%,30.45
muscle spasm treatment in los gatos,0,22,0%,45.77
hyperbaric oxygen therapy los gatos,0,22,0%,76.36
sanexas,0,20,0%,17.45
leo pemf,0,20,0%,42.05
shoulder synovitis treatment los gatos,0,19,0%,28.11
bulging disc treatment los gatos,0,18,0%,38.5
autoimmune disease treatment los gatos,0,17,0%,25.24
sclerotherapy los gatos,0,17,0%,28.88
postoperative therapy los gatos,0,17,0%,50.53
pain relief los gatos,0,16,0%,42.38
epidural follow-up care los gatos,0,16,0%,47
pain relief healyte los gatos,0,16,0%,60.12
postoperative recovery los gatos,0,15,0%,63.13
xiaflex los gatos,0,15,0%,80.13
stem cell injections bay area,0,15,0%,82
longevity clinic los gatos,0,14,0%,34.43
advanced pain relief in los gatos,0,14,0%,34.71
orthobiologics los gatos,0,14,0%,36.57
preoperative therapy los gatos,0,14,0%,55.43
preoperative lymphatic therapy los gatos,0,13,0%,50
revance los gatos,0,12,0%,15.67
injection therapy los gatos,0,12,0%,22.67
mic shots los gatos,0,12,0%,28.58
nad therapy los gatos,0,12,0%,32.75
cpap alternatives los gatos,0,12,0%,55.25
plant healthcare los gatos ca,0,12,0%,69.17
longevity medicine los gatos,0,11,0%,46.55
stem cell iv bay area,0,11,0%,73.36
bmac los gatos,0,9,0%,33.67
epidural pain relief los gatos,0,9,0%,55.89
post operative therapy los gatos,0,9,0%,65
stem cell iv san francisco bay area,0,9,0%,70.89
iv ala therapy los gatos,0,8,0%,30.88
glp-1 los gatos,0,8,0%,42.25
degenerative disc disease treatment los gatos,0,8,0%,49.75
deep oscillation therapy los gatos,0,8,0%,62.12
stem cell treatments bay area,0,8,0%,81.88
treatments overview los gatos,0,7,0%,34.14
pemf-elf,0,7,0%,40.29
nad iv therapy los gatos,0,7,0%,42.29
regencares,0,7,0%,50.14
stem cell therapy san ramon,0,7,0%,83.14
thomas santucci,0,6,0%,8.5
knee synovitis los gatos,0,6,0%,26.83
longevity doctor los gatos,0,6,0%,42.5
postoperative rehabilitation los gatos,0,6,0%,67
nad+ los gatos,0,5,0%,28.4
supplements los gatos,0,5,0%,29
iron injection los gatos,0,5,0%,30
anti aging los gatos,0,5,0%,43.6
knee arthritis los gatos,0,5,0%,43.8
sanexas therapy,0,5,0%,45.8
lg neuro service,0,5,0%,57.4
bmac near me,0,5,0%,68.2
regenerative medicine santa clara,0,5,0%,72
stem cell therapy studio city,0,5,0%,99.2
dr alisa santucci,0,4,0%,19.5
cortisone shot los gatos,0,4,0%,26.25
iv ozone therapy los gatos,0,4,0%,26.75
vitamin injections los gatos,0,4,0%,41.75
sanexas treatment,0,4,0%,42.25
sanexas neuropathy,0,4,0%,45
renovacare inc.,0,4,0%,73.75
global apheresis,0,4,0%,82.75
prp knee osteoarthritis los gatos,0,3,0%,11.33
knee arthrofibrosis treatment in los gatos,0,3,0%,15
microcurrent neurofeedback los gatos,0,3,0%,22.33
glutathione iv therapy in los gatos,0,3,0%,38
peptides for weight loss los gatos,0,3,0%,41
iv vitamin therapy los gatos,0,3,0%,44.67
spinal block los gatos,0,3,0%,57.33
testosterone replacement therapy los gatos,0,3,0%,57.33
sanexas treatment for neuropathy,0,3,0%,58.67
iv therapy vitamin infusions los gatos,0,3,0%,59
hbot los gatos,0,3,0%,62.33
rrg stem cells,0,3,0%,64.67
fertilization los gatos ca,0,3,0%,69.33
surgical hair restoration los gatos,0,3,0%,74
stem cells hayward,0,3,0%,82.67
regenerative medicine vacaville,0,3,0%,86.67
stem cell injection bay area,0,3,0%,87.67
stem cell treatment long beach,0,3,0%,99.67
stem cell therapy,0,2,0%,3.5
low-level laser therapy los gatos,0,2,0%,23
glutathione iv therapy los gatos,0,2,0%,34
bio accelerator,0,2,0%,37.5
renovacare,0,2,0%,38.5
iv iron therapy los gatos,0,2,0%,43
nad+ iv therapy los gatos,0,2,0%,43
iv vitamin c therapy in los gatos,0,2,0%,44.5
testosterone therapy los gatos,0,2,0%,45
joyas pemf,0,2,0%,46
vitamin c iv therapy los gatos,0,2,0%,46
stem cell injections hayward,0,2,0%,47
postoperative care los gatos,0,2,0%,53
pulswave,0,2,0%,53
fx 405 laser,0,2,0%,55.5
sanexas treatments,0,2,0%,56
nad+ injections los gatos,0,2,0%,59
integra medical center,0,2,0%,61.5
sanexas neuropathy treatment,0,2,0%,61.5
carpal tunnel syndrome los gatos,0,2,0%,63
lg neuroservice,0,2,0%,63
sanexas therapy near me,0,2,0%,65.5
stem cells san jose,0,2,0%,68.5
hyperbaric chamber los gatos,0,2,0%,73.5
regenerative medicine clinic,0,2,0%,79.5
smart graft los gatos,0,2,0%,86
inflation and deflation of penile implant los gatos,0,2,0%,95
epidural recovery time los gatos,0,2,0%,96
regencare,0,1,0%,1
stem cell center,0,1,0%,1
stem cell clinic,0,1,0%,1
stem cell therapy california,0,1,0%,1
hours open,0,1,0%,2
regen,0,1,0%,2
regen labs reviews,0,1,0%,2
dr alok sharma stem cell therapy,0,1,0%,3
stem cell injections,0,1,0%,4
stem cell therapy for ankle arthritis,0,1,0%,6
stem cell therapy for autistic child,0,1,0%,6
regenerative services,0,1,0%,8
advanced regen medical,0,1,0%,9
regen clinic,0,1,0%,11
knee synovitis treatment in los gatos,0,1,0%,12
"stem cells el segundo, ca",0,1,0%,13
osteoarthritis treatment los gatos,0,1,0%,17
knee arthrofibrosis los gatos,0,1,0%,19
pulse wave global,0,1,0%,20
carboxy therapy los gatos,0,1,0%,21
prp knee injections los gatos,0,1,0%,22
carpal tunnel release surgery los gatos,0,1,0%,23
neurofeedback,0,1,0%,28
pulse wave 2,0,1,0%,28
shoulder synovitis los gatos,0,1,0%,28
knee arthritis treatment los gatos,0,1,0%,29
emsella treatment los gatos,0,1,0%,30
functional medicine practitioner los gatos,0,1,0%,30
integrative medicine los gatos,0,1,0%,31
sanexas machine,0,1,0%,39
migraine treatments los gatos,0,1,0%,40
rst-sanexas,0,1,0%,42
functional medicine los gatos,0,1,0%,43
pain relief los gatos ca,0,1,0%,43
surgical recovery los gatos,0,1,0%,44
neurosurgical anesthesia los gatos,0,1,0%,48
what is sanexas,0,1,0%,48
exosomes for hair loss los gatos,0,1,0%,50
pulse wave 3,0,1,0%,52
spinalcyte,0,1,0%,53
stem cell clinic southern california alternative,0,1,0%,57
infinite regeneration medical group,0,1,0%,59
sanexas treatment near me,0,1,0%,59
los gatos snoring treatment,0,1,0%,60
regenerative research institute of silicon valley,0,1,0%,60
palmf,0,1,0%,61
overnight recovery los gatos,0,1,0%,62
biological age testing los gatos,0,1,0%,69
digital pulse wave,0,1,0%,71
pulsewave shockwave,0,1,0%,72
stem cells transplant san jose california,0,1,0%,72
los gatos cpap alternatives,0,1,0%,75
stem cell injections san jose,0,1,0%,76
advanced regenerative therapies,0,1,0%,80
best regenerative medicine clinic in chino hills,0,1,0%,84
advanced regenerative medicine,0,1,0%,88
imac regeneration,0,1,0%,91
stem cell therapy studio city ca,0,1,0%,91
stem cell therapy elk grove,0,1,0%,92
regenerative medical clinics of southern california,0,1,0%,95